Neighborhood,City,State,Neighborhood Latitude,Neighborhood Longitude
Arts District,Richmond,VA,37.543453,-77.438963
Biotech and MCV,Richmond,VA,37.5434554,-77.430753
City Center,Richmond,VA,37.542916299999995,-77.4379257
Court End,Richmond,VA,37.5441544,-77.43209569999998
Gambles Hill,Richmond,VA,37.537863,-77.44581509999998
Jackson Ward,Richmond,VA,37.54773839999999,-77.44007739999998
Monroe Ward,Richmond,VA,37.5431096,-77.44581509999998
Midtown,Richmond,VA,37.5608508,-77.48553919999998
Shockoe Bottom,Richmond,VA,37.5337726,-77.42682560000002
Shockoe Slip,Richmond,VA,37.5344285,-77.43218759999998
Upper Shockoe Valley,Richmond,VA,37.54357020000001,-77.4257319
Brauers,Richmond,VA,37.546845399999995,-77.41353670000002
Chimborazo,Richmond,VA,37.528287299999995,-77.40564509999999
Church Hill,Richmond,VA,37.532839700000004,-77.4162523
Creighton,Richmond,VA,37.5451415,-77.39775290000001
Eastview,Richmond,VA,37.5498917,-77.4113845
Fairfield,Richmond,VA,37.5496956,-77.40349270000002
Fairmount,Richmond,VA,37.5415995,-77.41353670000002
Fulton Hill,Richmond,VA,37.515706099999996,-77.39847040000002
Montrose Heights,Richmond,VA,37.5218006,-77.39416539999998
Mosby,Richmond,VA,37.5463076,-77.4207105
Navy Hill,Richmond,VA,37.54655109999999,-77.432637
Oakwood,Richmond,VA,37.532914500000004,-77.3999054
Peter Paul,Richmond,VA,37.54491470000001,-77.40779739999998
Tobacco Row,Richmond,VA,37.528810799999995,-77.42227969999998
Union Hill,Richmond,VA,37.5377053,-77.4199931
Witcomb Court,Richmond,VA,37.55593289999999,-77.41850199999998
Barton Heights,Richmond,VA,37.5599252,-77.4314703
Bellevue,Richmond,VA,37.5908319,-77.45755390000002
Chamberlayne Industrial Center,Richmond,VA,37.5593799,-77.4425219
Edgewood,Richmond,VA,37.5806331,-77.43505669999998
Gilpin,Richmond,VA,37.552366299999996,-77.43433940000001
Ginter Park,Richmond,VA,37.583603499999995,-77.4443807
Green Park,Richmond,VA,37.5689085,-77.42357990000002
Hermitage Road,Richmond,VA,37.5782127,-77.4616853
Highland Park,Richmond,VA,37.5741117,-77.41712369999998
Highland Terrace,Richmond,VA,37.57210870000001,-77.4228625
Laburnum Park,Richmond,VA,37.5810596,-77.45728969999998
Magnolia Industrial Center,Richmond,VA,37.5614245,-77.4149715
North Highland Park,Richmond,VA,37.5741117,-77.41712369999998
Pine Camp,Richmond,VA,37.5987539,-77.44509790000002
Providence Park,Richmond,VA,37.5776619,-77.4257319
Rosedale,Richmond,VA,37.5846064,-77.4658948
Sherwood Park,Richmond,VA,37.575507200000004,-77.45442109999998
South Barton Heights,Richmond,VA,37.5599252,-77.4314703
Three Corners,Richmond,VA,37.5355725,-77.43224409999998
Washington Park,Richmond,VA,37.5896941,-77.44007739999998
Ancarrow's Landing,Richmond,VA,37.5189793,-77.42075229999998
Bellemeade,Richmond,VA,37.4990417,-77.43864289999998
Belmont Woods,Richmond,VA,37.467281899999996,-77.49744160000002
Blackwell,Richmond,VA,37.516563899999994,-77.4429463
Brandermill,Richmond,VA,37.432093200000004,-77.64971390000002
Broad Rock,Richmond,VA,37.4704256,-77.4830405
Brookbury,Richmond,VA,37.464036799999995,-77.49137429999998
Cherry Gardens,Richmond,VA,37.4820919,-77.4591507
Chippenham Forest,Richmond,VA,37.53195520000001,-77.53757940000001
Cofer,Richmond,VA,37.4971094,-77.45728969999998
Cottrell Farms,Richmond,VA,37.4665979,-77.47880140000002
Forest Hill,Richmond,VA,37.525510499999996,-77.47736739999998
Gravel Hill,Richmond,VA,37.536535799999996,-77.514708
Hickory Hill,Richmond,VA,37.4828974,-77.4716313
Hillside Court,Richmond,VA,37.5017822,-77.4336221
Huguenot,Richmond,VA,37.545874100000006,-77.5820012
Jahnke,Richmond,VA,37.51815429999999,-77.5189458
Manchester,Richmond,VA,37.5209801,-77.44414990000001
Maury,Richmond,VA,37.500276,-77.45011819999998
McGuire,Richmond,VA,37.49895720000001,-77.47449940000001
North Chesterfield,Richmond,VA,37.458993,-77.468513
Northrop,Richmond,VA,37.5134297,-77.47664809999998
Oak Grove,Richmond,VA,37.5095401,-77.43864289999998
Oxford,Richmond,VA,37.539313799999995,-77.547765
Piney Knolls,Richmond,VA,37.4793144,-77.4927632
South Richmond,Richmond,VA,37.48307459999999,-77.4785088
Southampton,Richmond,VA,37.55542459999999,-77.54915369999998
Stoney Point,Richmond,VA,37.5483402,-77.57165859999998
Stratford Hills,Richmond,VA,37.5508687,-77.530413
Swansboro,Richmond,VA,37.51664,-77.45585539999998
Walmsley,Richmond,VA,37.4659105,-77.46015809999999
Warwick,Richmond,VA,37.4913783,-77.46567040000002
Windsor,Richmond,VA,37.550117900000004,-77.49887530000002
Woodhaven,Richmond,VA,37.4978697,-77.4888388
Woodland Heights,Richmond,VA,37.521346799999996,-77.4630265
Worthington,Richmond,VA,37.4912901,-77.51321170000001
Byrd Park,Richmond,VA,37.5427152,-77.4795668
Carillon,Richmond,VA,37.5395527,-77.48597109999999
Carver,Richmond,VA,37.5539104,-77.4486838
Carytown,Richmond,VA,37.5530946,-77.48382020000003
Colonial Place,Richmond,VA,37.56670640000001,-77.4945741
Byrd Park,Richmond,VA,37.5427152,-77.4795668
The Fan,Richmond,VA,37.551275200000006,-77.45879339999998
Malvern Gardens,Richmond,VA,37.5687141,-77.4888388
Maymount,Richmond,VA,37.534195399999994,-77.47433579999998
Museum District,Richmond,VA,37.5616745,-77.48090359999998
Newtowne West,Richmond,VA,37.55745870000001,-77.45728969999998
Oregon Hill,Richmond,VA,37.537747100000004,-77.4508354
Randolph,Richmond,VA,37.542645,-77.4658948
Rhoadmiller,Richmond,VA,37.5669281,-77.45949809999998
Scott's Addition,Richmond,VA,37.569615899999995,-77.47195079999999
Stadium,Richmond,VA,37.5503539,-77.4888388
Stonewall Court,Richmond,VA,37.5708649,-77.508911
West of the Boulevard,Richmond,VA,37.5616745,-77.48090359999998
Westhampton,Richmond,VA,37.5741012,-77.5146453
Willow Lawn,Richmond,VA,37.58186970000001,-77.49758729999998
Wilton,Richmond,VA,37.5601359,-77.5189458
Windsor Farms,Richmond,VA,37.550117900000004,-77.49887530000002
Anderson Heights,Raleigh,NC,35.81711400000001,-78.6412922
Avent West,Raleigh,NC,35.7654028,-78.7037778
Belvidere Park,Raleigh,NC,35.7981893,-78.6193035
Battery Heights,Raleigh,NC,35.7778573,-78.61788469999998
Bloomsbury,Raleigh,NC,35.8091078,-78.64909349999998
Boylan Heights,Raleigh,NC,35.7743696,-78.65193020000002
Cameron Park,Raleigh,NC,35.786153799999994,-78.65547590000001
Cameron Village,Raleigh,NC,35.7937621,-78.65760329999998
Capitol District,Raleigh,NC,35.7803584,-78.63912909999998
Capitol Heights,Raleigh,NC,35.7795897,-78.6381787
Country Club Hills,Raleigh,NC,35.8270811,-78.66114879999998
Coley Forest,Raleigh,NC,35.8227763,-78.67249369999998
Depot District,Raleigh,NC,35.7771695,-78.64517579999998
Drewry Hills,Raleigh,NC,35.8281518,-78.64412910000001
Fayetteville Street,Raleigh,NC,35.7737065,-78.63945079999998
Five Points Historic Neighborhoods,Raleigh,NC,35.8027175,-78.6416146
Glenwood-Brooklyn,Raleigh,NC,35.8633075,-78.7130681
Glenwood South,Raleigh,NC,35.7849869,-78.64900870000002
Glenwood Village,Raleigh,NC,35.8179287,-78.66444820000002
Hayes Barton,Raleigh,NC,35.80204110000001,-78.65263929999998
Hi-Mount,Raleigh,NC,35.8099068,-78.6292345
Historic Oakwood,Raleigh,NC,35.784462100000006,-78.63065309999998
Longview Gardens,Raleigh,NC,35.7819503,-78.59731
Madonna Acres,Raleigh,NC,35.7900075,-78.61469240000002
Maiden Lane,Raleigh,NC,35.7870576,-78.66313170000002
Moore Square,Raleigh,NC,35.7768175,-78.63583469999998
Mordecai District,Raleigh,NC,35.7967153,-78.63207170000003
North Carolina State University,Raleigh,NC,35.7846633,-78.6820946
Raleigh Country Club,Raleigh,NC,35.77628350000001,-78.5934961
Roanoke Park,Raleigh,NC,35.801682,-78.63994509999998
Rochester Heights,Raleigh,NC,35.7545623,-78.6278158
South Park,Raleigh,NC,35.7678316,-78.63278100000002
State Government District,Raleigh,NC,35.782854500000006,-78.63714
Vanguard Park,Raleigh,NC,35.829994,-78.63119900000002
Victoria Place,Raleigh,NC,35.8102621,-78.6612585
Warehouse District,Raleigh,NC,35.7771695,-78.64517579999998
West Raleigh Historic District,Raleigh,NC,35.7776188,-78.63876549999998
Wayland Heights,Raleigh,NC,35.8128803,-78.6604397
Woodcrest,Raleigh,NC,35.800945,-78.6129188
University Park,Raleigh,NC,35.79625410000001,-78.66256700000002
Bent Tree,Raleigh,NC,35.8967506,-78.62994379999998
Brentwood Estates,Raleigh,NC,35.83040850000001,-78.59731
Brier Creek,Raleigh,NC,35.909664,-78.7848626
Brookhaven,Raleigh,NC,35.8596512,-78.6923441
Coachmans Trail,Raleigh,NC,35.9429971,-78.63561820000002
Crabtree Valley,Raleigh,NC,35.8382005,-78.68022909999998
Crossgate,Raleigh,NC,35.9149063,-78.63703670000002
Dominion Park,Raleigh,NC,35.9129084,-78.7433698
Durant Trails,Raleigh,NC,35.89637860000001,-78.59092389999998
Fairfax Hills,Raleigh,NC,35.856193299999994,-78.6207223
Falls Church,Raleigh,NC,35.8623771,-78.61504709999998
Falls River/Bedford,Raleigh,NC,35.92934310000001,-78.56324609999999
Hickory Hills,Raleigh,NC,35.8440396,-78.62805859999997
Lake Park,Raleigh,NC,35.8674383,-78.663327
Lakemont,Raleigh,NC,35.8483291,-78.62994379999998
Leesville,Raleigh,NC,35.90917479999999,-78.72556309999999
Millbrook,Raleigh,NC,35.865662,-78.60334240000002
New Hope,Raleigh,NC,35.8395953,-78.5805577
North Hills,Raleigh,NC,35.8395428,-78.6422671
North Pointe,Raleigh,NC,35.8868264,-78.6017446
North Ridge,Raleigh,NC,35.8804669,-78.6143377
North Ridge Country Club,Raleigh,NC,35.87437070000001,-78.62066709999998
Oak Park,Raleigh,NC,35.8460601,-78.70510300000002
Pinecrest,Raleigh,NC,35.82570540000001,-78.6168438
Quail Hollow,Raleigh,NC,35.8475162,-78.6214317
Quail Meadows,Raleigh,NC,35.8526267,-78.6185941
Quail Ridge,Raleigh,NC,35.8567559,-78.60901679999998
Skycrest,Raleigh,NC,35.81043779999999,-78.57508359999999
Southall,Raleigh,NC,35.8178595,-78.5646656
Springdale/Leesville,Raleigh,NC,35.9050318,-78.72280830000003
Stonebridge,Raleigh,NC,35.9271563,-78.6668214
Stonehenge,Raleigh,NC,35.8928764,-78.6880908
Summerfield,Raleigh,NC,36.208778,-79.920402
Summit Ridge,Raleigh,NC,35.8345954,-78.57333550000001
Tadlock Plantation,Raleigh,NC,35.9537661,-78.66398520000001
Tealbriar,Raleigh,NC,35.8699049,-78.60937159999997
Thorpshire,Raleigh,NC,35.893512,-78.607271
Timberlake,Raleigh,NC,35.8049102,-78.58925479999998
Village on the Green,Raleigh,NC,35.8728935,-78.65476679999998
Wakefield Plantation,Raleigh,NC,35.95847050000001,-78.5553882
Wood Valley,Raleigh,NC,35.92569520000001,-78.7123897
Asbury,Raleigh,NC,35.7901515,-78.737505
Brandywine,Raleigh,NC,35.80137639999999,-78.74469570000002
Laurel Hills,Raleigh,NC,35.838928,-78.70085019999998
Medfield,Raleigh,NC,35.8021914,-78.7600709
Olde Raleigh,Raleigh,NC,35.82869820000001,-78.7065205
Trinity Woods,Raleigh,NC,35.80043170000001,-78.7470105
Tysonville,Raleigh,NC,35.8207064,-78.7047267
Umstead,Raleigh,NC,35.8905776,-78.7501817
Westover,Raleigh,NC,35.79416150000001,-78.71856890000002
Biltmore Hills,Raleigh,NC,35.7508564,-78.62426909999998
Carolina Pines,Raleigh,NC,35.7484407,-78.65547590000001
Hedingham,Raleigh,NC,35.80935750000001,-78.5462098
Lake Wheeler,Raleigh,NC,35.7480461,-78.6734512
Parkland,Raleigh,NC,35.74854000000001,-78.64590210000001
Renaissance Park,Raleigh,NC,35.7352372,-78.6583124
Rhamkatte,Raleigh,NC,35.7482078,-78.67333740000002
Skycrest Village,Raleigh,NC,35.8750777,-78.5266855
Southall,Raleigh,NC,35.8178595,-78.5646656
Southgate,Raleigh,NC,35.7519249,-78.6072432
Swift Creek,Raleigh,NC,35.7435468,-78.7329963
Trailwood,Raleigh,NC,35.7592845,-78.69163520000002
Walnut Creek,Raleigh,NC,35.7493881,-78.5763028
Wilder's Grove,Raleigh,NC,35.7988044,-78.5645282
Ballentine,Norfolk,VA,36.8591836,-76.2495053
Barraud Park,Norfolk,VA,36.8631486,-76.266739
Berkley,Norfolk,VA,36.8318147,-76.2838292
Bowling Green,Norfolk,VA,36.8549669,-76.2504465
Calvert Square,Norfolk,VA,36.8543526,-76.2761515
Chesterfield Heights,Norfolk,VA,36.843649,-76.2580499
Colonial Place,Norfolk,VA,36.8848699,-76.29105190000001
Coleman Place,Norfolk,VA,36.8680062,-76.24067009999997
Cottage Road Park,Norfolk,VA,36.9113889,-76.25749990000001
Crown Point,Norfolk,VA,36.8606831,-76.223288
Diggs Park,Norfolk,VA,36.8276479,-76.26438399999998
Downtown Norfolk,Norfolk,VA,36.8500234,-76.2899071
East Ocean View,Norfolk,VA,36.9314775,-76.19721070000001
Estabrook,Norfolk,VA,36.8795919,-76.24660570000002
Fairmount Park Neighborhood,Norfolk,VA,36.8817539,-76.25660169999998
Fort Norfolk,Norfolk,VA,36.8569982,-76.30438509999998
Freemason District,Norfolk,VA,36.8521831,-76.29314609999999
Ghent,Norfolk,VA,36.864525,-76.29985719999998
Highland Park,Norfolk,VA,36.885357,-76.29859410000002
Huntersville,Norfolk,VA,36.86237,-76.2763291
Ingleside,Norfolk,VA,36.8487589,-76.2360497
Kensington,Norfolk,VA,36.874799700000004,-76.29859410000002
Larchmont-Edgewater,Norfolk,VA,36.8931404,-76.30872819999998
Lafayette / Winona,Norfolk,VA,36.8763459,-76.266739
Lafayette Shores,Norfolk,VA,36.884592,-76.26549539999998
Lakewood,Norfolk,VA,36.888391399999996,-76.26818709999998
Lamberts Point,Norfolk,VA,36.8754257,-76.3274423
Larrymore Lawns,Norfolk,VA,36.9115362,-76.22827199999998
Lindenwood,Norfolk,VA,36.8691071,-76.27253139999998
Lochhaven,Norfolk,VA,36.914592000000006,-76.3107752
Meadowbrook,Norfolk,VA,36.91348079999999,-76.3035527
North Ghent,Norfolk,VA,36.864525,-76.29985719999998
Norview,Norfolk,VA,36.89626459999999,-76.2375119
Ocean View,Norfolk,VA,36.949869299999996,-76.24632840000002
Park Place,Norfolk,VA,36.875271999999995,-76.29135500000002
Poplar Halls,Norfolk,VA,36.8512589,-76.2166046
Riverpoint,Norfolk,VA,36.89719520000001,-76.2870113
Riverview,Norfolk,VA,36.88332219999999,-76.28121949999998
Sewell's Point,Norfolk,VA,36.95486959999999,-76.3268873
Sewell's Garden,Norfolk,VA,36.8973738,-76.24356689999998
Shoop Park,Norfolk,VA,36.871520000000004,-76.26132299999998
Talbot Park,Norfolk,VA,36.9037586,-76.27938499999998
Tidewater Park,Norfolk,VA,36.8507689,-76.28587259999998
Titustown,Norfolk,VA,36.915767100000004,-76.29352670000002
Villa Heights,Norfolk,VA,36.8730006,-76.2775995
Wards Corner Business District,Norfolk,VA,36.8500234,-76.2899071
West Freemason,Norfolk,VA,36.8507013,-76.2956985
Willoughby Spit,Norfolk,VA,36.967091499999995,-76.27855199999998
Young Terrace,Norfolk,VA,36.8565209,-76.28339150000002
Alanton,Virginia Beach,VA,36.8806669,-76.02468449999998
Aragona Village,Virginia Beach,VA,36.8589035,-76.15228789999998
Bay Colony,Virginia Beach,VA,36.8747438,-75.99546109999999
Bayside,Virginia Beach,VA,36.90292520000001,-76.1343797
Cape Henry,Virginia Beach,VA,36.9315359,-76.01993139999998
Chesapeake Beach,Virginia Beach,VA,36.9154251,-76.1202127
Croatan Beach,Virginia Beach,VA,36.8279584,-75.9686395
Great Neck Point,Virginia Beach,VA,36.9007031,-76.08660019999998
Green Run,Virginia Beach,VA,36.7983333,-76.0919444
Kempsville,Virginia Beach,VA,36.8268149,-76.1602137
Lago Mar,Virginia Beach,VA,36.7458693,-75.994413
Larkspur,Virginia Beach,VA,36.8201484,-76.13743509999998
London Bridge,Virginia Beach,VA,36.8418151,-76.04965440000002
Lynnhaven,Virginia Beach,VA,36.837648400000006,-76.0685439
Newtown,Virginia Beach,VA,36.8544563,-76.1776454
The North End,Virginia Beach,VA,36.89386560000001,-75.98623529999998
Oceana,Virginia Beach,VA,36.8420929,-76.0129864
Ocean Park,Virginia Beach,VA,36.9093141,-76.10132309999999
Pembroke Manor,Virginia Beach,VA,36.8520923,-76.13604629999998
Princess Anne,Virginia Beach,VA,36.7508026,-76.0540776
Pungo,Virginia Beach,VA,36.7234837,-76.0177083
Red Mill Commons,Virginia Beach,VA,36.7601474,-76.0081771
Sandbridge,Virginia Beach,VA,36.7239073,-75.9390662
Thalia,Virginia Beach,VA,36.8434815,-76.12076789999998
Thoroughgood,Virginia Beach,VA,36.8918143,-76.12910169999998
Adams Morgan,Washington,DC,38.9212418,-77.0434934
Columbia Heights,Washington,DC,38.9276414,-77.0297181
Howard University,Washington,DC,38.9226843,-77.0194377
Kalorama,Washington,DC,38.91450070000001,-77.046174
LeDroit Park,Washington,DC,38.917764299999995,-77.018303
Lanier Heights,Washington,DC,38.9256541,-77.04277370000001
Mount Pleasant,Washington,DC,38.9311878,-77.04061469999998
Park View,Washington,DC,38.93181060000001,-77.0233415
Pleasant Plains,Washington,DC,38.92121710000001,-77.02046240000001
Shaw,Washington,DC,38.9126289,-77.02294619999998
U Street Corridor,Washington,DC,38.9170008,-77.0252725
Burleith,Washington,DC,38.9145261,-77.0751538
Chinatown,Washington,DC,38.90036920000001,-77.0209563
Downtown,Washington,DC,38.9037406,-77.03629670000002
Dupont Circle,Washington,DC,38.9096936,-77.043339
Federal Triangle,Washington,DC,38.893794,-77.02811070000001
Foggy Bottom,Washington,DC,38.9006918,-77.05182540000001
Georgetown,Washington,DC,38.9097057,-77.06535650000002
Logan Circle,Washington,DC,38.909641,-77.0296369
Mount Vernon Square,Washington,DC,38.9042772,-77.0234435
Penn Quarter,Washington,DC,38.8973308,-77.02194250000002
Sheridan Kalorama,Washington,DC,38.91450070000001,-77.046174
Southwest Federal Center,Washington,DC,38.88561929999999,-77.02191239999998
West End,Washington,DC,38.906804799999996,-77.05212890000001
American University Park,Washington,DC,38.9455047,-77.08810340000002
Berkley,Washington,DC,38.9215975,-77.0924196
Cathedral Heights,Washington,DC,38.9334728,-77.07983519999998
Chevy Chase,Washington,DC,38.961015100000004,-77.06620889999998
Cleveland Park,Washington,DC,38.9346348,-77.0663921
Colony Hill,Washington,DC,38.913167,-77.08720029999998
Forest Hills,Washington,DC,38.9474093,-77.0593246
Foxhall,Washington,DC,38.9223334,-77.0941448
Friendship Heights,Washington,DC,38.956571200000006,-77.083787
Glover Park,Washington,DC,38.9209446,-77.07719999999998
Kent,Washington,DC,38.933722100000004,-77.1035895
Massachusetts Heights,Washington,DC,38.9190471,-77.06007679999998
McLean Gardens,Washington,DC,38.93707390000001,-77.0758733
North Cleveland Park,Washington,DC,38.9439719,-77.0724122
Observatory Circle,Washington,DC,38.9201358,-77.07143509999999
The Palisades,Washington,DC,38.9320344,-77.1053673
Potomac Heights,Washington,DC,38.9276111,-77.10775629999998
Spring Valley,Washington,DC,38.9416599,-77.09961299999998
Tenleytown,Washington,DC,38.945981700000004,-77.0809093
Wakefield,Washington,DC,38.9507566,-77.07166339999998
Wesley Heights,Washington,DC,38.9289785,-77.0895421
Woodland Normanstone,Washington,DC,38.9206149,-77.0607637
Woodley Park,Washington,DC,38.927994500000004,-77.0578855
"Woodmont, Washington, D.C.",Washington,DC,38.8616027,-76.97303000000002
Barnaby Woods,Washington,DC,38.9745158,-77.0607637
Brightwood,Washington,DC,38.9649218,-77.0276835
Brightwood Park,Washington,DC,38.9543155,-77.019762
Colonial Village,Washington,DC,38.9850771,-77.04061469999998
Crestwood,Washington,DC,38.9403344,-77.0420541
Fort Totten,Washington,DC,38.9505016,-77.00888909999998
Hawthorne,Washington,DC,38.9815654,-77.05500719999998
Manor Park,Washington,DC,38.962378799999996,-77.0106965
Petworth,Washington,DC,38.942405900000004,-77.02557999999998
Riggs Park,Washington,DC,38.9542775,-76.99414260000002
Shepherd Park,Washington,DC,38.9827023,-77.0316156
Sixteenth Street Heights,Washington,DC,38.954078100000004,-77.03343840000002
Takoma,Washington,DC,38.973611299999995,-77.0227898
Arboretum,Washington,DC,38.9162514,-76.97078690000002
Bloomingdale,Washington,DC,38.9176761,-77.01182460000003
Brentwood,Washington,DC,38.9194596,-76.99123689999998
Brookland,Washington,DC,38.9328037,-76.9863578
Carver Langston,Washington,DC,38.900936200000004,-76.97726750000002
Eckington,Washington,DC,38.9141343,-77.0031863
Edgewood,Washington,DC,38.9256162,-77.0005917
Fort Lincoln,Washington,DC,38.92141779999999,-76.9555116
Gateway,Washington,DC,38.9198479,-76.96286580000002
Ivy City,Washington,DC,38.9147513,-76.9859077
Langdon,Washington,DC,38.9245066,-76.9761563
Michigan Park,Washington,DC,38.9452287,-76.9830277
North Michigan Park,Washington,DC,38.9462889,-76.9949575
Pleasant Hill,Washington,DC,38.944336,-77.003937
Queens Chapel,Washington,DC,38.9545537,-76.997427
Stronghold,Washington,DC,38.9256143,-77.0082254
Trinidad,Washington,DC,38.9089568,-76.9822523
Truxton Circle,Washington,DC,38.9099729,-77.01182460000003
Woodridge,Washington,DC,38.9330005,-76.9680338
Barney Circle,Washington,DC,38.8858518,-76.9801476
Capitol Hill,Washington,DC,38.8860434,-76.999525
Judiciary Square,Washington,DC,38.8987163,-77.0163184
Kingman Park,Washington,DC,38.8958,-76.97726750000002
Mount Vernon Triangle,Washington,DC,38.90249489999999,-77.01896049999998
Navy Yard,Washington,DC,38.8764653,-77.0005547
Near Northeast,Washington,DC,38.9025149,-76.99847609999998
NoMa,Washington,DC,38.90375510000001,-77.00590940000002
Southwest Waterfront,Washington,DC,38.8764794,-77.01757889999998
Sursum Corda,Washington,DC,38.904663299999996,-77.01216939999998
Swampoodle,Washington,DC,38.9035189,-77.0022905
Benning Heights,Washington,DC,38.8817789,-76.93608509999999
Benning Ridge,Washington,DC,38.882408700000006,-76.938379
Benning,Washington,DC,38.8925405,-76.94846240000003
Burrville,Washington,DC,38.899871600000004,-76.92253199999998
Capitol View,Washington,DC,38.8899271,-76.92541340000002
Central Northeast,Washington,DC,38.8959453,-76.9413632
Civic Betterment,Washington,DC,38.8794409,-76.92990379999998
Deanwood,Washington,DC,38.902971,-76.93269269999998
Dupont Park,Washington,DC,38.873622600000004,-76.96286580000002
East Corner,Washington,DC,38.86248079999999,-77.01701589999998
East River Heights,Washington,DC,38.8920564,-76.9435854
Eastland Gardens,Washington,DC,38.9054506,-76.9434208
Fairfax Village,Washington,DC,38.86388710000001,-76.950623
Fairlawn,Washington,DC,38.8694706,-76.9774233
Fort Davis,Washington,DC,38.8667792,-76.9460854
Fort Dupont,Washington,DC,38.887404,-76.94846240000003
Fort Stanton,Washington,DC,38.85558210000001,-76.9794276
Good Hope,Washington,DC,38.8626125,-76.96386369999998
Greenway,Washington,DC,38.8835718,-76.95998519999998
Hillbrook,Washington,DC,38.89506220000001,-76.9349311
Hillcrest,Washington,DC,38.8633458,-76.96286580000002
Kenilworth,Washington,DC,38.9095355,-76.9398195
Lincoln Heights,Washington,DC,38.8957169,-76.93117609999999
Marshall Heights,Washington,DC,38.8851176,-76.9282948
Mayfair,Washington,DC,38.902698,-76.949742
Naylor Gardens,Washington,DC,38.8582068,-76.96286580000002
Northeast Boundary,Washington,DC,38.8937543,-76.91388730000001
Penn Branch,Washington,DC,38.8726445,-76.954224
Randle Highlands,Washington,DC,38.869136,-76.9686267
River Terrace,Washington,DC,38.8920564,-76.95747469999998
Skyland,Washington,DC,38.859184,-76.97150699999997
Twining,Washington,DC,38.87177910000001,-76.96580820000001
Anacostia,Washington,DC,38.8627944,-76.9826813
Barry Farm,Washington,DC,38.859303499999996,-76.99907359999997
Bellevue,Washington,DC,38.8274243,-77.0089452
Buena Vista,Washington,DC,38.851149,-76.9686267
Congress Heights,Washington,DC,38.842673299999994,-76.9959872
Douglass,Washington,DC,38.847311,-76.9801476
Garfield Heights,Washington,DC,38.8547684,-76.9722271
Knox Hill,Washington,DC,38.85344600000001,-76.96691919999998
Shipley Terrace,Washington,DC,38.847335,-76.96914149999998
Washington Highlands,Washington,DC,38.830942900000004,-76.9945473
Woodland,Washington,DC,38.8560701,-76.972673
Arlington,Baltimore,MD,39.3481652,-76.6831397
Ashburton,Baltimore,MD,39.3267715,-76.67447840000001
Burleigh-Leighton,Baltimore,MD,39.319664,-76.659813
Callaway-Garrison,Baltimore,MD,39.3325396,-76.68025259999997
Central Forest Park,Baltimore,MD,39.3264513,-76.68819180000001
Central Park Heights,Baltimore,MD,39.3442762,-76.6715911
Cheswolde,Baltimore,MD,39.3682118,-76.68025259999997
Cross Country,Baltimore,MD,39.3680087,-76.70046049999998
Dolfield,Baltimore,MD,39.3355407,-76.67497209999998
Dorchester,Baltimore,MD,39.3306608,-76.6860267
East Arlington,Baltimore,MD,39.3311985,-76.66870379999997
Fallstaff,Baltimore,MD,39.3635826,-76.70623359999998
Forest Park/Howard Area,Baltimore,MD,39.3312176,-76.6946932
Gwynn Oak,Baltimore,MD,39.3359385,-76.6977522
Glen,Baltimore,MD,39.3553726,-76.69035699999998
Grove Park,Baltimore,MD,39.3403151,-76.70334709999999
Hanlon Park – Longwood,Baltimore,MD,39.31662559999999,-76.66942569999998
Howard Park,Baltimore,MD,39.3312176,-76.6946932
Langston Hughes,Baltimore,MD,39.343287,-76.6795309
Liberty Square,Baltimore,MD,39.3216563,-76.65787590000002
Lucille Park,Baltimore,MD,39.3404035,-76.6766438
Northwest Community Action,Baltimore,MD,39.30592439999999,-76.6650946
Park Circle,Baltimore,MD,39.3276431,-76.66004149999998
Park Heights,Baltimore,MD,39.3442762,-76.6715911
Pimlico,Baltimore,MD,39.3522557,-76.67447840000001
Purnell,Baltimore,MD,39.32053300000001,-76.7065867
Reisterstown Station,Baltimore,MD,39.3513916,-76.7086187
Towanda-Grantley,Baltimore,MD,39.337119,-76.66797740000001
West Forest Park,Baltimore,MD,39.3211342,-76.69180039999998
Windsor Hills,Baltimore,MD,39.31791520000001,-76.6860267
Woodmoor,Baltimore,MD,39.3384396,-76.7330281
Rosemont,Baltimore,MD,39.3060415,-76.6715911
Abell,Baltimore,MD,39.32447360000001,-76.6109441
Bellona-Gittings,Baltimore,MD,39.3691329,-76.62249809999999
Better Waverly,Baltimore,MD,39.3232464,-76.60588879999997
Barclay,Baltimore,MD,39.3149999,-76.6116662
Cameron Village,Baltimore,MD,39.3569685,-76.60011120000001
Cedarcroft,Baltimore,MD,39.36994779999999,-76.61311049999998
Charles North,Baltimore,MD,39.3312229,-76.6180091
Charles Village,Baltimore,MD,39.3200501,-76.6167212
Chinquapin Park-Belvedere,Baltimore,MD,39.3642261,-76.6022778
Cold Spring,Baltimore,MD,39.3459841,-76.6549142
Village of Cross Keys,Baltimore,MD,39.3573288,-76.646636
Cylburn,Baltimore,MD,39.3483659,-76.66292899999998
Edgecomb,Baltimore,MD,39.3425488,-76.6622072
Evergreen,Baltimore,MD,39.3464958,-76.63044090000002
Govans,Baltimore,MD,39.3500792,-76.6077528
Glen Oaks,Baltimore,MD,39.3660979,-76.59649999999998
Greenspring,Baltimore,MD,39.3378375,-76.66004149999998
Guilford,Baltimore,MD,39.3415428,-76.61527699999998
Hampden,Baltimore,MD,39.33337059999999,-76.632607
Harwood,Baltimore,MD,39.3200976,-76.6116662
Hoes Heights,Baltimore,MD,39.3402458,-76.63693920000001
Homeland,Baltimore,MD,39.3575025,-76.62105389999998
Kenilworth Park,Baltimore,MD,39.3542735,-76.59802289999998
Kernewood,Baltimore,MD,39.3459173,-76.6145548
Keswick,Baltimore,MD,39.342121,-76.631163
Lake Evesham,Baltimore,MD,39.3662961,-76.6145548
Lake Walker,Baltimore,MD,39.3696571,-76.60516659999998
Levindale,Baltimore,MD,39.3537973,-76.66581649999998
Loyola-Notre Dame,Baltimore,MD,39.34985,-76.6170085
Mid-Charles,Baltimore,MD,39.34875460000001,-76.62249809999999
Mid-Govans,Baltimore,MD,39.3598066,-76.6080554
Mount Washington,Baltimore,MD,39.36253019999999,-76.65957270000001
Medfield,Baltimore,MD,39.3398124,-76.6441591
New North Roland Park-Poplar Hill,Baltimore,MD,39.3660584,-76.6398272
Oakenshawe,Baltimore,MD,39.3299076,-76.6138327
Old Goucher,Baltimore,MD,39.3149523,-76.6167212
The Orchards,Baltimore,MD,39.36725939999999,-76.62827469999998
Pen Lucy,Baltimore,MD,39.3390889,-76.60516659999998
Radnor-Winston,Baltimore,MD,39.3495703,-76.61311049999998
Remington,Baltimore,MD,39.3206574,-76.62270090000001
Richnor Springs,Baltimore,MD,39.3463484,-76.6073332
Roland Park,Baltimore,MD,39.3544272,-76.63838319999998
Rosebank,Baltimore,MD,39.363412,-76.6116662
Sabina Mattefeldt,Baltimore,MD,39.3652407,-76.6492128
Saint Paul,Baltimore,MD,39.2689762,-76.6434372
Station North Arts and Entertainment District,Baltimore,MD,39.3098541,-76.6167212
Tuscany-Canterbury,Baltimore,MD,39.338563,-76.62249809999999
Waverly,Baltimore,MD,39.3321659,-76.60588879999997
Wilson Park,Baltimore,MD,39.3434634,-76.60444439999998
Winston-Govans,Baltimore,MD,39.3496172,-76.6080554
Woodberry,Baltimore,MD,39.3317734,-76.64941360000002
Woodbourne Heights,Baltimore,MD,39.3573982,-76.5928888
Woodbourne-McCabe,Baltimore,MD,39.35271729999999,-76.6073332
Wyman Park,Baltimore,MD,39.3308703,-76.6275527
Wyndhurst,Baltimore,MD,39.35740730000001,-76.631163
Arcadia,Baltimore,MD,39.3318111,-76.56471739999998
Armistead Gardens,Baltimore,MD,39.3049721,-76.55315809999998
Belair-Edison,Baltimore,MD,39.3216614,-76.5737173
Belair-Parkside,Baltimore,MD,39.3297931,-76.5665235
Beverly Hills,Baltimore,MD,39.3392737,-76.57024390000002
Cedmont,Baltimore,MD,39.3462558,-76.53581729999998
Cedonia,Baltimore,MD,39.3306314,-76.53292689999998
Christopher,Baltimore,MD,39.362041,-76.5618277
Coldstream-Homestead-Montebello,Baltimore,MD,39.3227872,-76.59649999999998
Orchard Ridge,Baltimore,MD,39.3120872,-76.5597603
Ednor Gardens-Lakeside,Baltimore,MD,39.3304324,-76.59649999999998
Four by Four,Baltimore,MD,39.2825192,-76.60225200000002
Frankford,Baltimore,MD,39.331107900000006,-76.54359769999998
Gardenville,Baltimore,MD,39.3309404,-76.5610767
Glenham-Belford,Baltimore,MD,39.349394200000006,-76.5517132
Hamilton,Baltimore,MD,39.35649590000001,-76.5569101
Harford-Echodale-Perring Parkway,Baltimore,MD,39.3616138,-76.56905189999998
Hillen,Baltimore,MD,39.33994939999999,-76.590722
Hollander Ridge,Baltimore,MD,39.31589500000001,-76.53220429999998
Idlewood,Baltimore,MD,39.37010679999999,-76.5891338
Lauraville,Baltimore,MD,39.3455647,-76.5733862
Loch Raven,Baltimore,MD,39.3881624,-76.5696889
Mayfield,Baltimore,MD,39.328406,-76.579165
Mayfield-Montebello,Baltimore,MD,39.328406,-76.579165
Moravia-Walther,Baltimore,MD,39.3394546,-76.56471739999998
Morgan Park,Baltimore,MD,39.3467737,-76.5788554
North Harford Road,Baltimore,MD,39.3669694,-76.5387076
"Northwood, Baltimore",Baltimore,MD,39.3421205,-76.5982801
Overlea,Baltimore,MD,39.3589694,-76.5177855
Parkside,Baltimore,MD,39.3266724,-76.56454529999998
Perring-Loch,Baltimore,MD,39.35201170000001,-76.5849436
Ramblewood,Baltimore,MD,39.3628758,-76.590722
Rosemont Avenue,Baltimore,MD,39.3562279,-76.534415
Stonewood-Pentwood-Winston,Baltimore,MD,39.3482407,-76.58926890000002
Taylor Heights,Baltimore,MD,39.36883710000001,-76.53292689999998
Waltherson,Baltimore,MD,39.3435341,-76.5560481
Westfield,Baltimore,MD,39.3595821,-76.5517132
Wilson Heights,Baltimore,MD,39.3345729,-76.5611052
Woodring,Baltimore,MD,39.3625548,-76.544488
Allendale,Baltimore,MD,39.2917978,-76.67520019999998
Bridgeview-Greenlawn,Baltimore,MD,39.3014786,-76.65426640000003
Coppin Heights,Baltimore,MD,39.3069138,-76.65715399999998
Easterwood,Baltimore,MD,39.3080704,-76.6506567
Edmondson Village,Baltimore,MD,39.2968471,-76.68025259999997
Evergreen Lawn,Baltimore,MD,39.2971002,-76.65498829999999
Franklin Square,Baltimore,MD,39.2899349,-76.6427152
Harlem Park,Baltimore,MD,39.2972489,-76.6398272
Heritage Crossing,Baltimore,MD,39.2966251,-76.6289968
Lexington,Baltimore,MD,39.2909427,-76.6513787
Midtown-Edmondson,Baltimore,MD,39.296043,-76.6513787
Mondawmin,Baltimore,MD,39.3142264,-76.65426640000003
Mosher,Baltimore,MD,39.2973857,-76.66292899999998
Panway-Braddish,Baltimore,MD,39.3132375,-76.6622072
Penn-North,Baltimore,MD,39.3128825,-76.6427152
Poppleton,Baltimore,MD,39.29147639999999,-76.6340511
Sandtown-Winchester,Baltimore,MD,39.3041275,-76.6441591
Union Square,Baltimore,MD,39.286663,-76.6419932
Upton,Baltimore,MD,39.3016759,-76.6340511
Walbrook,Baltimore,MD,39.3108055,-76.66870379999997
Bolton Hill,Baltimore,MD,39.308315,-76.62538649999998
Charles Center,Baltimore,MD,39.2893911,-76.6156864
Cathedral Hill,Baltimore,MD,39.2995956,-76.61717279999998
Bromo Arts District,Baltimore,MD,39.2949427,-76.6198127
Preston Gardens,Baltimore,MD,39.29351339999999,-76.61392289999998
Downtown,Baltimore,MD,39.292007,-76.6167212
Druid Heights,Baltimore,MD,39.3091075,-76.63766120000003
Inner Harbor,Baltimore,MD,39.2858482,-76.61311049999998
Lakeview Towers,Baltimore,MD,39.316558,-76.6322496
Lexington Terrace,Baltimore,MD,39.29280019999999,-76.6289968
Madison Park,Baltimore,MD,39.3057172,-76.63044090000002
Market Center,Baltimore,MD,39.29224960000001,-76.62235390000002
McCulloh Homes,Baltimore,MD,39.3005581,-76.6271916
Midtown-Belvedere,Baltimore,MD,39.3047554,-76.6167212
Mount Vernon,Baltimore,MD,39.2993194,-76.6138327
Otterbein,Baltimore,MD,39.2821913,-76.6145548
Reservoir Hill,Baltimore,MD,39.314423,-76.6340511
Ridgely's Delight,Baltimore,MD,39.28464500000001,-76.62466440000001
Seton Hill,Baltimore,MD,39.295567,-76.62538649999998
Somerset Homes,Baltimore,MD,39.2962511,-76.60119449999998
Station North,Baltimore,MD,39.3098541,-76.6167212
Berea,Baltimore,MD,39.3105659,-76.579165
Biddle Street,Baltimore,MD,39.3044615,-76.58994950000002
Broadway East,Baltimore,MD,39.3090304,-76.5878328
Darley Park,Baltimore,MD,39.3158015,-76.59397209999999
Douglass Homes,Baltimore,MD,39.294025,-76.5957778
Dunbar-Broadway,Baltimore,MD,39.2964059,-76.5943333
East Baltimore Midway,Baltimore,MD,39.31471000000001,-76.60372219999998
Eager Park,Baltimore,MD,39.300987,-76.5912637
Ellwood Park,Baltimore,MD,39.29714389999999,-76.5733862
Gay Street,Baltimore,MD,39.2924976,-76.60870809999999
Greenmount West,Baltimore,MD,39.3091802,-76.6109441
Johnston Square,Baltimore,MD,39.3037445,-76.6080554
Latrobe Homes,Baltimore,MD,39.2995515,-76.6030224
Madison-Eastend,Baltimore,MD,39.3007532,-76.576998
McElderry Park,Baltimore,MD,39.297436,-76.58133199999997
Milton-Montford,Baltimore,MD,39.3003232,-76.5842213
Old Town,Baltimore,MD,39.297418,-76.60300000000002
Oliver,Baltimore,MD,39.3078314,-76.599389
Orangeville,Baltimore,MD,39.2987184,-76.54968690000003
Penn-Fallsway,Baltimore,MD,39.2968175,-76.6087776
Pleasant View Gardens,Baltimore,MD,39.2934248,-76.6015556
Somerset Holmes-Monument East,Baltimore,MD,39.2962511,-76.60119449999998
South Clifton Park,Baltimore,MD,39.3135755,-76.5885551
Barre Circle,Baltimore,MD,39.28470479999999,-76.6279137
Beechfield,Baltimore,MD,39.276234,-76.70046049999998
Bentalou-Smallwood,Baltimore,MD,39.28257,-76.6506567
Booth-Boyd,Baltimore,MD,39.287226200000006,-76.6495738
Carrollton Ridge,Baltimore,MD,39.2829557,-76.64849090000001
Carroll South,Baltimore,MD,39.2827544,-76.66870379999997
Dickeyville,Baltimore,MD,39.3189954,-76.7035822
Edmondson,Baltimore,MD,39.2968471,-76.68025259999997
Fairmount,Baltimore,MD,39.3090431,-76.68097440000003
Franklintown,Baltimore,MD,39.3052934,-76.70912
Gwynn's Falls,Baltimore,MD,39.2776528,-76.66870379999997
Hillside Park,Baltimore,MD,39.2800597,-76.69647859999998
Hilton,Baltimore,MD,39.2859215,-76.6214512
Hollins Market,Baltimore,MD,39.2869295,-76.6333291
Irvington,Baltimore,MD,39.2828845,-76.6860811
Mill Hill,Baltimore,MD,39.2788618,-76.65715399999998
Monastery Gardens,Baltimore,MD,39.2846245,-76.681462
Morrell Park,Baltimore,MD,39.2646339,-76.65477940000002
Mount Holly,Baltimore,MD,39.31253239999999,-76.6780873
Oaklee,Baltimore,MD,39.2683763,-76.68494399999999
Pigtown,Baltimore,MD,39.2812753,-76.6340511
Pratt Monroe,Baltimore,MD,39.2826198,-76.6456031
Primrose Place,Baltimore,MD,39.27442670000001,-76.67203420000001
Rognel Heights,Baltimore,MD,39.2953015,-76.68891359999998
Saint Agnes,Baltimore,MD,39.2750508,-76.67375659999998
Saint Joseph's,Baltimore,MD,39.2859754,-76.67447840000001
Shipley Hill,Baltimore,MD,39.2865135,-76.65715399999998
Sowebo,Baltimore,MD,39.288578,-76.63812759999998
Ten Hills,Baltimore,MD,39.2842733,-76.7010817
Tremont,Baltimore,MD,39.2834951,-76.69432629999999
Uplands,Baltimore,MD,39.28754050000001,-76.6907178
Violetville,Baltimore,MD,39.2654186,-76.67381060000002
Wakefield,Baltimore,MD,39.31260650000001,-76.6980264
Wallbrook,Baltimore,MD,39.3108055,-76.66870379999997
Westgate,Baltimore,MD,39.2842214,-76.70334709999999
West Hills,Baltimore,MD,39.2950925,-76.70912
West Mullberry,Baltimore,MD,39.2933542,-76.63402219999998
Western,Baltimore,MD,39.2922854,-76.66292899999998
West Pratt,Baltimore,MD,39.2856532,-76.636544
Winchester,Baltimore,MD,39.3041275,-76.6441591
Yale Heights,Baltimore,MD,39.2752305,-76.69180039999998
Arundel Cove,Baltimore,MD,39.2030346,-76.5670833
Brooklyn,Baltimore,MD,39.2381955,-76.60372219999998
Brooklyn Homes,Baltimore,MD,39.22927429999999,-76.60024380000002
Cherry Hill,Baltimore,MD,39.2490357,-76.62516059999999
Curtis Bay,Baltimore,MD,39.2208578,-76.5863882
Fairfield,Baltimore,MD,39.2378854,-76.5791318
Federal Hill,Baltimore,MD,39.279304,-76.6116662
Harborview,Baltimore,MD,39.27752879999999,-76.60431559999998
Hawkins Point,Baltimore,MD,39.2072675,-76.55749300000002
Lakeland,Baltimore,MD,39.2530783,-76.64659019999998
Locust Point,Baltimore,MD,39.2680512,-76.59105919999998
Masonville,Baltimore,MD,39.243163,-76.59052120000003
Mount Winans,Baltimore,MD,39.2614905,-76.64488109999998
Port Covington,Baltimore,MD,39.2613248,-76.6089449
Riverside,Baltimore,MD,39.2729056,-76.6083646
South Balto.Imp.Comm./West Federal Hill,Baltimore,MD,39.2763123,-76.61140390000001
Sharp-Leadenhall,Baltimore,MD,39.2787025,-76.61744329999998
Shoreline,Baltimore,MD,39.2449717,-76.5867317
South Baltimore,Baltimore,MD,39.270495200000006,-76.61512379999998
Wagner's Point,Baltimore,MD,39.2341447,-76.56905189999998
Westport,Baltimore,MD,39.2631197,-76.63394040000001
Baltimore Highlands,Baltimore,MD,39.2935798,-76.56471739999998
Bayview or Hopkins Bayview,Baltimore,MD,39.2915618,-76.5458818
Brewer's Hill,Baltimore,MD,39.2802377,-76.56627409999999
Butchers Hill,Baltimore,MD,39.2930123,-76.5871105
Canton,Baltimore,MD,39.2821834,-76.57627559999997
Dunbar,Baltimore,MD,39.2922439,-76.5914442
Eastwood,Baltimore,MD,39.28577070000001,-76.5408001
Fells Point,Baltimore,MD,39.2842097,-76.593611
West Federal Hill,Baltimore,MD,39.270495200000006,-76.61512379999998
Fifteenth Street,Baltimore,MD,39.2874652,-76.5560481
Graceland Park,Baltimore,MD,39.2822044,-76.53292689999998
Greektown,Baltimore,MD,39.2851297,-76.55243569999998
Harbor East,Baltimore,MD,39.2832248,-76.6015556
Harbor Point,Baltimore,MD,39.2806216,-76.59845109999998
Highlandtown,Baltimore,MD,39.2887746,-76.56674919999998
Jonestown,Baltimore,MD,39.2903218,-76.6022778
Joseph Lee,Baltimore,MD,39.28904319999999,-76.54232040000002
Kresson,Baltimore,MD,39.2960052,-76.55821540000002
Little Italy,Baltimore,MD,39.2844999,-76.6015556
Medford-Broening Highway,Baltimore,MD,39.2769852,-76.5436646
O'Donnell Heights,Baltimore,MD,39.2781219,-76.54159779999998
Patterson Park,Baltimore,MD,39.2898331,-76.57627559999997
Patterson Place,Baltimore,MD,39.2935885,-76.58386019999998
Perkins Homes,Baltimore,MD,39.2876504,-76.5957778
St Helena,Baltimore,MD,39.2623558,-76.53220429999998
Upper Fells Point,Baltimore,MD,39.2886346,-76.5878328
Washington Hill,Baltimore,MD,39.2902003,-76.5957778
10th & Page,Charlottesville,VA,38.03511629999999,-78.49339979999998
Barracks/Rugby,Charlottesville,VA,38.0473175,-78.4894015
Belmont-Carlton,Charlottesville,VA,38.023118700000005,-78.46984859999998
Fifeville,Charlottesville,VA,38.0269891,-78.49508370000001
Fry's Spring,Charlottesville,VA,38.0167778,-78.51070829999998
Greenbrier,Charlottesville,VA,38.056636,-78.478036
Jefferson Park Avenue,Charlottesville,VA,38.0284661,-78.50991069999998
Johnson Village,Charlottesville,VA,38.018549,-78.50218609999999
Lewis Mountain,Charlottesville,VA,38.0402828,-78.51070829999998
Locust Grove,Charlottesville,VA,38.0445054,-78.4609854
Martha Jefferson,Charlottesville,VA,38.024432700000006,-78.44304869999998
The Meadows,Charlottesville,VA,38.060241999999995,-78.4972339
North Downtown,Charlottesville,VA,38.0357496,-78.478036
Ridge Street,Charlottesville,VA,38.024431400000005,-78.4898782
Rose Hill,Charlottesville,VA,38.0384807,-78.48584989999998
Starr Hill,Charlottesville,VA,38.032092999999996,-78.48727060000002
Venable,Charlottesville,VA,38.0432183,-78.50076570000002
Woolen Mills,Charlottesville,VA,38.020365999999996,-78.45618950000001
Ballantyne,Charlotte,NC,35.0469079,-80.8454702
Biddleville,Charlotte,NC,35.2445936,-80.8576911
Brooklyn,Charlotte,NC,35.2201046,-80.84193069999999
Chantilly,Charlotte,NC,35.2121282,-80.8087103
Uptown Charlotte,Charlotte,NC,35.2272302,-80.8460822
Cherry,Charlotte,NC,35.2110901,-80.8308587
Cotswold,Charlotte,NC,35.18487,-80.7907103
Coulwood,Charlotte,NC,35.2979174,-80.9445178
Derita,Charlotte,NC,35.2937526,-80.7975707
Dilworth,Charlotte,NC,35.2058551,-80.8516173
Eastland,Charlotte,NC,35.219619,-80.74638519999999
"Eastover, Charlotte",Charlotte,NC,35.1924313,-80.818401
Elizabeth,Charlotte,NC,35.2142287,-80.818401
Grier Heights,Charlotte,NC,35.1970375,-80.8073259
Hidden Valley,Charlotte,NC,35.2788395,-80.7759318
Highland Creek,Charlotte,NC,35.3780263,-80.7604628
"Madison Park, Charlotte",Charlotte,NC,35.1650179,-80.8502663
"Mountain Island, North Carolina",Charlotte,NC,35.3395516,-80.9264487
Myers Park,Charlotte,NC,35.1797081,-80.8261849
NoDa,Charlotte,NC,35.2456474,-80.80178769999999
Old North Charlotte,Charlotte,NC,35.2456474,-80.80178769999999
Parkdale,Charlotte,NC,35.251673,-80.90584799999999
Paw Creek,Charlotte,NC,35.2788586,-80.9301052
Plaza-Midwood,Charlotte,NC,35.2238589,-80.80178769999999
Quail Hollow,Charlotte,NC,35.1354006,-80.8571521
Sedgefield,Charlotte,NC,35.1957944,-80.8626864
Sherwood Forest,Charlotte,NC,35.1735457,-80.78517099999999
South End,Charlotte,NC,35.2125577,-80.85877719999999
SouthPark,Charlotte,NC,35.1484484,-80.8308959
Starmount,Charlotte,NC,35.1416926,-80.86822029999999
Steele Creek,Charlotte,NC,35.1340053,-81.0202533
Stonehaven,Charlotte,NC,35.1554966,-80.76301
University City,Charlotte,NC,36.037769,-79.034256
